index,name,golden_ref,predicted,matches_golden,truth_info,matches_truth_info,golden_scores,scores,score_error_pct,latency_ms,tx_ms,timeout,retries,raw
0,go_f19279c4_nohash_0,no,no,1,unknown,0,-128;-107;-121;100,,,8.167,21.440,0,0,[IRQ] Class: 3
1,no_256c0a05_nohash_0,no,no,1,no,1,-128;-127;-128;126,,,7.094,21.504,0,0,[IRQ] Class: 3
2,no_9be15e93_nohash_0,no,no,1,no,1,-128;-127;-128;127,,,8.099,21.455,0,0,[IRQ] Class: 3
3,yes_ffb86d3c_nohash_0,yes,yes,1,yes,1,-128;-127;127;-128,,,8.338,21.399,0,0,[IRQ] Class: 2
4,go_0c40e715_nohash_1,no,no,1,unknown,0,-128;-124;-128;124,,,8.463,22.275,0,0,[IRQ] Class: 3
5,yes_7be9f58a_nohash_0,yes,yes,1,yes,1,-128;-120;98;-105,,,21.581,21.458,0,0,[IRQ] Class: 2
6,yes_525eaa62_nohash_2,yes,yes,1,yes,1,-128;-128;127;-127,,,7.975,21.452,0,0,[IRQ] Class: 2
7,no_c39703ec_nohash_4,no,no,1,no,1,-128;-101;-126;98,,,8.198,21.419,0,0,[IRQ] Class: 3
8,no_c0fb6812_nohash_0,no,no,1,no,1,-128;-108;-127;107,,,7.492,21.468,0,0,[IRQ] Class: 3
9,yes_4bc2c2c5_nohash_3,yes,yes,1,yes,1,-128;-128;127;-128,,,8.077,21.459,0,0,[IRQ] Class: 2
10,_background_noise__doing_the_dishes,silence,silence,1,silence,1,43;-71;-119;-109,,,7.720,21.457,0,0,[IRQ] Class: 0
11,yes_f575faf3_nohash_0,yes,yes,1,yes,1,-128;-128;127;-128,,,8.196,21.479,0,0,[IRQ] Class: 2
12,yes_73af0c50_nohash_0,yes,yes,1,yes,1,-128;-128;127;-128,,,8.045,21.473,0,0,[IRQ] Class: 2
13,go_726382d6_nohash_1,no,no,1,unknown,0,-128;-113;-128;112,,,7.819,21.481,0,0,[IRQ] Class: 3
14,yes_953fe1ad_nohash_1,yes,yes,1,yes,1,-128;-128;127;-128,,,7.330,21.613,0,0,[IRQ] Class: 2
15,go_ab46af55_nohash_1,no,no,1,unknown,0,-128;-6;-128;6,,,7.213,21.979,0,0,[IRQ] Class: 3
16,yes_23da904f_nohash_3,yes,yes,1,yes,1,-128;-127;127;-128,,,7.291,21.446,0,0,[IRQ] Class: 2
17,yes_93ec8b84_nohash_0,yes,yes,1,yes,1,-128;-128;127;-128,,,8.443,21.453,0,0,[IRQ] Class: 2
18,no_64df20d8_nohash_0,no,no,1,no,1,-128;-120;-128;119,,,7.865,21.522,0,0,[IRQ] Class: 3
19,no_cc3b5b62_nohash_4,no,no,1,no,1,-128;-120;-121;113,,,7.203,21.687,0,0,[IRQ] Class: 3
20,yes_f5626af6_nohash_1,yes,yes,1,yes,1,-128;-128;127;-128,,,7.345,22.261,0,0,[IRQ] Class: 2
21,no_3ca784ec_nohash_1,no,no,1,no,1,-128;-126;-128;126,,,8.989,21.647,0,0,[IRQ] Class: 3
22,no_e71a9381_nohash_2,no,no,1,no,1,-128;-126;-128;126,,,21.384,22.110,0,0,[IRQ] Class: 3
23,no_1995cf9e_nohash_0,no,no,1,no,1,-128;-127;-128;127,,,7.602,21.470,0,0,[IRQ] Class: 3
24,no_9712cce0_nohash_0,no,no,1,no,1,-128;-124;-128;124,,,7.918,21.515,0,0,[IRQ] Class: 3
25,no_40b60ae9_nohash_0,no,no,1,no,1,-128;-124;-128;124,,,7.104,22.002,0,0,[IRQ] Class: 3
26,yes_39afb88e_nohash_0,yes,yes,1,yes,1,-128;-128;127;-128,,,7.305,21.827,0,0,[IRQ] Class: 2
27,go_8931f494_nohash_0,no,no,1,unknown,0,-128;-12;-128;11,,,9.485,21.495,0,0,[IRQ] Class: 3
28,yes_31fd5cf5_nohash_0,unknown,unknown,1,yes,0,-128;6;-16;-119,,,5.706,21.735,0,0,[IRQ] Class: 1
29,no_a8f45bdc_nohash_0,no,no,1,no,1,-128;-128;-128;127,,,8.437,21.474,0,0,[IRQ] Class: 3
30,yes_cc6ee39b_nohash_0,yes,yes,1,yes,1,-128;-128;127;-128,,,7.671,21.527,0,0,[IRQ] Class: 2
31,go_190821dc_nohash_1,no,no,1,unknown,0,-128;-117;-128;117,,,7.452,21.453,0,0,[IRQ] Class: 3
32,yes_472b8045_nohash_4,yes,yes,1,yes,1,-128;-127;126;-128,,,7.878,21.498,0,0,[IRQ] Class: 2
33,no_1a73dcd1_nohash_2,unknown,unknown,1,no,0,-128;4;-80;-52,,,8.745,21.557,0,0,[IRQ] Class: 1
34,no_6727b579_nohash_0,no,no,1,no,1,-128;-127;-128;127,,,7.910,22.060,0,0,[IRQ] Class: 3
35,no_270bfa52_nohash_1,no,no,1,no,1,-128;-125;-128;125,,,21.479,21.485,0,0,[IRQ] Class: 3
36,go_6adb8ad9_nohash_0,no,no,1,unknown,0,-128;-95;-128;95,,,8.165,21.460,0,0,[IRQ] Class: 3
37,go_cb72dfb6_nohash_3,no,no,1,unknown,0,-128;-56;-125;53,,,7.791,21.497,0,0,[IRQ] Class: 3
38,no_b69002d4_nohash_0,no,no,1,no,1,-128;-30;-126;28,,,8.057,21.438,0,0,[IRQ] Class: 3
39,go_56eab10e_nohash_0,no,no,1,unknown,0,-128;-122;-128;122,,,7.408,21.497,0,0,[IRQ] Class: 3
40,go_d0faf7e4_nohash_3,unknown,unknown,1,unknown,1,-128;45;-127;-45,,,7.643,21.426,0,0,[IRQ] Class: 1
41,no_dce05676_nohash_0,no,no,1,no,1,-128;-126;-128;126,,,7.517,21.806,0,0,[IRQ] Class: 3
42,go_bb6d4301_nohash_3,no,no,1,unknown,0,-128;-73;-128;72,,,7.993,21.427,0,0,[IRQ] Class: 3
43,no_1dc86f91_nohash_3,no,no,1,no,1,-128;-108;-126;106,,,8.060,22.239,0,0,[IRQ] Class: 3
44,go_eeaf97c3_nohash_3,no,no,1,unknown,0,-128;-13;-125;10,,,7.022,21.501,0,0,[IRQ] Class: 3
45,yes_1b18600d_nohash_1,yes,yes,1,yes,1,-70;-80;-7;-100,,,7.740,21.448,0,0,[IRQ] Class: 2
46,yes_3e31dffe_nohash_0,yes,yes,1,yes,1,-128;-128;127;-128,,,7.407,21.559,0,0,[IRQ] Class: 2
47,yes_2296b1af_nohash_2,yes,yes,1,yes,1,-128;-128;127;-128,,,6.607,22.069,0,0,[IRQ] Class: 2
48,yes_de3fe344_nohash_3,yes,yes,1,yes,1,-128;-128;127;-128,,,7.272,21.521,0,0,[IRQ] Class: 2
49,go_e71a9381_nohash_2,no,no,1,unknown,0,-128;-96;-128;95,,,7.833,21.554,0,0,[IRQ] Class: 3
50,no_5f1253e9_nohash_0,no,no,1,no,1,-128;-106;-115;93,,,6.975,22.176,0,0,[IRQ] Class: 3
51,no_6c0f6493_nohash_0,no,no,1,no,1,-128;-123;-128;123,,,8.055,21.438,0,0,[IRQ] Class: 3
52,no_773e26f7_nohash_4,no,no,1,no,1,-128;-118;-128;118,,,7.114,21.928,0,0,[IRQ] Class: 3
53,go_01bcfc0c_nohash_0,no,no,1,unknown,0,-128;-87;-128;87,,,6.264,22.485,0,0,[IRQ] Class: 3
54,no_c5a1e46c_nohash_0,no,no,1,no,1,-128;-110;-127;109,,,6.885,21.981,0,0,[IRQ] Class: 3
55,yes_f2e59fea_nohash_2,yes,yes,1,yes,1,-128;-128;127;-128,,,8.003,21.456,0,0,[IRQ] Class: 2
56,go_954f190f_nohash_0,no,no,1,unknown,0,-121;-50;-121;35,,,7.546,21.558,0,0,[IRQ] Class: 3
57,go_3659fc1c_nohash_0,no,no,1,unknown,0,-66;-66;-95;-29,,,8.152,21.488,0,0,[IRQ] Class: 3
58,go_0cb74144_nohash_1,no,no,1,unknown,0,-128;-110;-125;107,,,8.023,21.551,0,0,[IRQ] Class: 3
59,go_1942abd7_nohash_0,unknown,unknown,1,unknown,1,-128;110;-127;-111,,,6.832,21.503,0,0,[IRQ] Class: 1
60,go_b69002d4_nohash_1,no,no,1,unknown,0,-128;-90;-128;90,,,7.882,21.488,0,0,[IRQ] Class: 3
61,go_28e47b1a_nohash_1,unknown,unknown,1,unknown,1,-128;80;-128;-80,,,7.431,21.580,0,0,[IRQ] Class: 1
62,_background_noise__white_noise,silence,silence,1,silence,1,122;-127;-125;-126,,,6.769,22.578,0,0,[IRQ] Class: 0
63,no_a1cff772_nohash_1,no,no,1,no,1,-128;-127;-128;127,,,7.820,21.428,0,0,[IRQ] Class: 3
64,no_01648c51_nohash_0,no,no,1,no,1,-128;-126;-128;126,,,7.748,21.483,0,0,[IRQ] Class: 3
65,yes_a9ca1818_nohash_0,yes,yes,1,yes,1,-128;-128;127;-128,,,6.702,22.471,0,0,[IRQ] Class: 2
66,no_39833acb_nohash_2,unknown,unknown,1,no,0,-128;38;-126;-41,,,6.579,21.989,0,0,[IRQ] Class: 1
67,go_ee1d8d49_nohash_3,unknown,unknown,1,unknown,1,-128;22;-126;-24,,,7.335,21.509,0,0,[IRQ] Class: 1
68,no_c39703ec_nohash_1,no,no,1,no,1,-126;-122;-107;99,,,8.036,21.411,0,0,[IRQ] Class: 3
69,yes_db72a474_nohash_0,yes,yes,1,yes,1,-128;-127;127;-128,,,7.667,21.434,0,0,[IRQ] Class: 2
70,go_27c24504_nohash_3,no,no,1,unknown,0,-128;-96;-124;92,,,8.238,21.557,0,0,[IRQ] Class: 3
71,no_0132a06d_nohash_4,no,no,1,no,1,-128;-80;-128;80,,,7.742,21.457,0,0,[IRQ] Class: 3
72,go_173ae793_nohash_1,no,no,1,unknown,0,-128;-110;-128;110,,,7.823,21.427,0,0,[IRQ] Class: 3
73,go_c1d39ce8_nohash_8,no,no,1,unknown,0,-128;-118;-112;102,,,8.281,21.458,0,0,[IRQ] Class: 3
74,no_37dca74f_nohash_0,no,no,1,no,1,-128;-113;-127;112,,,7.953,21.446,0,0,[IRQ] Class: 3
75,yes_51f7a034_nohash_3,yes,yes,1,yes,1,-128;-128;127;-128,,,8.034,21.434,0,0,[IRQ] Class: 2
76,go_d394ef8e_nohash_1,unknown,unknown,1,unknown,1,-128;44;-127;-45,,,8.388,21.483,0,0,[IRQ] Class: 1
77,go_fb8c31a9_nohash_1,no,no,1,unknown,0,-128;-114;-124;110,,,7.249,21.476,0,0,[IRQ] Class: 3
78,no_538e1856_nohash_0,no,no,1,no,1,-128;-126;-128;126,,,7.633,21.478,0,0,[IRQ] Class: 3
79,go_2da58b32_nohash_3,no,no,1,unknown,0,-128;-125;-127;124,,,7.881,21.430,0,0,[IRQ] Class: 3
80,yes_2fcb6397_nohash_2,yes,yes,1,yes,1,-128;-128;110;-110,,,9.899,21.518,0,0,[IRQ] Class: 2
81,no_a97017df_nohash_1,no,no,1,no,1,-128;-124;-128;124,,,5.881,21.502,0,0,[IRQ] Class: 3
82,go_6565a81d_nohash_3,no,no,1,unknown,0,-128;-80;-128;80,,,8.021,21.630,0,0,[IRQ] Class: 3
83,yes_41285056_nohash_2,yes,yes,1,yes,1,-128;-126;122;-124,,,7.521,21.455,0,0,[IRQ] Class: 2
84,go_eaa83485_nohash_4,no,no,1,unknown,0,-128;-108;-128;108,,,7.976,21.441,0,0,[IRQ] Class: 3
85,no_c33682f0_nohash_0,no,no,1,no,1,-128;-120;-128;120,,,8.152,21.444,0,0,[IRQ] Class: 3
86,yes_52162b51_nohash_2,yes,yes,1,yes,1,-128;-128;127;-128,,,6.979,21.760,0,0,[IRQ] Class: 2
87,yes_9b8a7439_nohash_4,yes,yes,1,yes,1,-128;-128;127;-128,,,7.449,21.439,0,0,[IRQ] Class: 2
88,yes_c2dccf38_nohash_4,yes,yes,1,yes,1,-128;-125;124;-126,,,7.919,21.489,0,0,[IRQ] Class: 2
89,yes_cfbedff9_nohash_4,yes,yes,1,yes,1,-128;-128;127;-128,,,7.873,21.513,0,0,[IRQ] Class: 2
90,yes_e7bcee8a_nohash_4,yes,yes,1,yes,1,-128;-128;127;-128,,,7.674,21.509,0,0,[IRQ] Class: 2
91,yes_72242187_nohash_0,yes,yes,1,yes,1,-128;-127;119;-120,,,7.589,21.393,0,0,[IRQ] Class: 2
92,no_6794a793_nohash_0,no,no,1,no,1,-128;-78;-118;68,,,6.739,21.983,0,0,[IRQ] Class: 3
93,yes_35d1b6ee_nohash_2,yes,yes,1,yes,1,-128;-128;127;-128,,,7.564,21.445,0,0,[IRQ] Class: 2
94,go_617de221_nohash_1,unknown,unknown,1,unknown,1,-128;22;-126;-24,,,8.007,21.526,0,0,[IRQ] Class: 1
95,no_3cc595de_nohash_0,no,no,1,no,1,-128;-107;-65;44,,,7.767,21.527,0,0,[IRQ] Class: 3
96,go_890cc926_nohash_2,no,no,1,unknown,0,-128;-121;-124;117,,,7.944,21.467,0,0,[IRQ] Class: 3
97,go_f2e59fea_nohash_3,unknown,unknown,1,unknown,1,-128;103;-126;-105,,,7.201,22.259,0,0,[IRQ] Class: 1
98,no_a4ca3afe_nohash_0,no,no,1,no,1,-128;-127;-128;127,,,6.375,21.525,0,0,[IRQ] Class: 3
99,_background_noise__pink_noise,silence,silence,1,silence,1,107;-120;-125;-118,,,7.885,21.425,0,0,[IRQ] Class: 0
100,yes_b25b6065_nohash_0,yes,yes,1,yes,1,-128;-128;127;-128,,,7.160,21.549,0,0,[IRQ] Class: 2
101,no_b59fa113_nohash_1,yes,yes,1,no,0,-128;-103;63;-88,,,8.547,21.563,0,0,[IRQ] Class: 2
102,yes_611d2b50_nohash_0,yes,yes,1,yes,1,-128;-128;127;-128,,,6.941,21.549,0,0,[IRQ] Class: 2
103,no_3a3ee7ed_nohash_1,no,no,1,no,1,-128;-109;-118;99,,,8.030,21.460,0,0,[IRQ] Class: 3
104,go_96d8bb6f_nohash_3,unknown,unknown,1,unknown,1,-128;29;-128;-29,,,7.921,21.421,0,0,[IRQ] Class: 1
105,yes_879a2b38_nohash_0,yes,yes,1,yes,1,-128;-128;127;-128,,,7.675,21.405,0,0,[IRQ] Class: 2
106,no_27c24504_nohash_2,no,no,1,no,1,-128;-113;-127;112,,,8.123,21.446,0,0,[IRQ] Class: 3
107,no_06a79a03_nohash_0,no,no,1,no,1,-128;-111;-128;111,,,7.661,21.452,0,0,[IRQ] Class: 3
108,yes_0717b9f6_nohash_0,yes,yes,1,yes,1,-128;-124;122;-126,,,7.853,21.479,0,0,[IRQ] Class: 2
109,yes_363c6bad_nohash_4,yes,yes,1,yes,1,-128;-128;127;-128,,,8.882,21.486,0,0,[IRQ] Class: 2
110,no_94d370bf_nohash_1,no,no,1,no,1,-128;-124;-127;123,,,6.732,21.899,0,0,[IRQ] Class: 3
111,go_3589bc72_nohash_4,unknown,unknown,1,unknown,1,-128;99;-127;-100,,,7.397,21.592,0,0,[IRQ] Class: 1
112,go_1ed0b13d_nohash_0,no,no,1,unknown,0,-128;-80;-128;80,,,7.320,21.601,0,0,[IRQ] Class: 3
113,yes_5f8097e1_nohash_3,yes,yes,1,yes,1,-128;-128;127;-128,,,7.328,21.576,0,0,[IRQ] Class: 2
114,yes_7fb8d703_nohash_3,yes,yes,1,yes,1,-128;-128;127;-128,,,7.721,21.550,0,0,[IRQ] Class: 2
115,go_bdd22e4d_nohash_4,no,no,1,unknown,0,-127;-103;-125;99,,,8.010,21.454,0,0,[IRQ] Class: 3
116,no_54b6d355_nohash_0,no,no,1,no,1,-128;-95;-128;95,,,7.735,21.541,0,0,[IRQ] Class: 3
117,no_a4baac4e_nohash_2,no,no,1,no,1,-128;-125;-128;125,,,7.633,21.469,0,0,[IRQ] Class: 3
118,go_3bdf05d3_nohash_0,no,no,1,unknown,0,-128;-77;-127;76,,,8.027,21.418,0,0,[IRQ] Class: 3
119,yes_0d82fd99_nohash_3,yes,yes,1,yes,1,-128;-128;127;-128,,,7.292,21.665,0,0,[IRQ] Class: 2
120,yes_b414c653_nohash_4,yes,yes,1,yes,1,-128;-128;127;-128,,,6.392,22.353,0,0,[IRQ] Class: 2
121,yes_1496195a_nohash_3,yes,yes,1,yes,1,-128;-128;127;-128,,,8.636,21.441,0,0,[IRQ] Class: 2
122,go_322d17d3_nohash_0,no,no,1,unknown,0,-128;-111;-128;111,,,7.491,21.490,0,0,[IRQ] Class: 3
123,no_18d120ae_nohash_0,no,no,1,no,1,-128;-94;-118;84,,,6.385,22.352,0,0,[IRQ] Class: 3
124,yes_58df33b5_nohash_1,yes,yes,1,yes,1,-128;-127;126;-128,,,7.323,21.494,0,0,[IRQ] Class: 2
125,yes_72aa7259_nohash_0,yes,yes,1,yes,1,-128;-122;116;-122,,,7.708,21.499,0,0,[IRQ] Class: 2
126,_background_noise__running_tap,silence,silence,1,silence,1,121;-125;-125;-126,,,7.624,21.694,0,0,[IRQ] Class: 0
127,no_29229c21_nohash_3,no,no,1,no,1,-127;-101;-126;98,,,7.862,21.486,0,0,[IRQ] Class: 3
128,go_274c008f_nohash_0,unknown,unknown,1,unknown,1,-126;-2;-126;-2,,,7.587,21.608,0,0,[IRQ] Class: 1
129,no_712e4d58_nohash_0,no,no,1,no,1,-128;-128;-128;127,,,7.535,21.490,0,0,[IRQ] Class: 3
130,go_1365dd89_nohash_0,no,no,1,unknown,0,-128;-87;-127;86,,,7.549,21.454,0,0,[IRQ] Class: 3
131,no_b65f6015_nohash_0,no,no,1,no,1,-128;-125;-128;125,,,8.301,21.421,0,0,[IRQ] Class: 3
132,yes_e91d173e_nohash_1,yes,yes,1,yes,1,-128;-125;124;-128,,,7.223,21.451,0,0,[IRQ] Class: 2
133,no_499be02e_nohash_4,no,no,1,no,1,-128;-114;-114;99,,,7.820,21.600,0,0,[IRQ] Class: 3
134,no_bde0f20a_nohash_0,no,no,1,no,1,-128;-126;-128;126,,,7.721,21.439,0,0,[IRQ] Class: 3
135,go_e6be0830_nohash_4,no,no,1,unknown,0,-128;-68;-128;68,,,7.669,21.476,0,0,[IRQ] Class: 3
136,go_0e5193e6_nohash_0,unknown,unknown,1,unknown,1,-126;32;-127;-36,,,7.542,21.453,0,0,[IRQ] Class: 1
137,_background_noise__exercise_bike,silence,silence,1,silence,1,80;-107;-126;-103,,,8.215,21.439,0,0,[IRQ] Class: 0
138,yes_73f20b00_nohash_3,yes,yes,1,yes,1,-128;-126;125;-128,,,7.913,21.470,0,0,[IRQ] Class: 2
139,_background_noise__dude_miaowing,silence,silence,1,silence,1,116;-121;-124;-127,,,8.211,21.417,0,0,[IRQ] Class: 0
140,go_5677ec77_nohash_0,no,no,1,unknown,0,-128;-118;-127;118,,,7.800,21.420,0,0,[IRQ] Class: 3
141,go_24befdb3_nohash_3,no,no,1,unknown,0,-128;-100;-128;100,,,8.153,21.487,0,0,[IRQ] Class: 3
142,go_b0ae6326_nohash_2,no,no,1,unknown,0,-128;-121;-128;121,,,7.315,21.534,0,0,[IRQ] Class: 3
143,go_31270cb2_nohash_0,no,no,1,unknown,0,-128;-95;-128;95,,,6.415,22.847,0,0,[IRQ] Class: 3
144,yes_8d9cc260_nohash_0,yes,yes,1,yes,1,-128;-127;126;-128,,,9.856,21.528,0,0,[IRQ] Class: 2
145,go_617de221_nohash_4,no,no,1,unknown,0,-128;-60;-128;60,,,5.753,21.430,0,0,[IRQ] Class: 3
146,yes_cd85758f_nohash_4,yes,yes,1,yes,1,-128;-128;127;-128,,,7.781,21.484,0,0,[IRQ] Class: 2
147,no_b176f8e9_nohash_0,unknown,unknown,1,no,0,-127;43;-101;-71,,,8.492,21.410,0,0,[IRQ] Class: 1
148,go_8931f494_nohash_1,no,no,1,unknown,0,-128;-45;-127;45,,,7.451,21.540,0,0,[IRQ] Class: 3
149,go_4c3cddb8_nohash_4,no,no,1,unknown,0,-128;-119;-128;118,,,7.039,22.058,0,0,[IRQ] Class: 3
150,no_8012c69d_nohash_1,no,no,1,no,1,-128;-119;-128;119,,,8.321,21.489,0,0,[IRQ] Class: 3
151,yes_bfd26d6b_nohash_4,yes,yes,1,yes,1,-128;-126;126;-128,,,7.927,21.521,0,0,[IRQ] Class: 2
152,go_7f581e94_nohash_0,unknown,unknown,1,unknown,1,-128;40;-128;-40,,,7.550,22.161,0,0,[IRQ] Class: 1
153,yes_a9ca1818_nohash_3,yes,yes,1,yes,1,-128;-128;127;-128,,,8.233,21.671,0,0,[IRQ] Class: 2
154,no_7211390b_nohash_3,no,no,1,no,1,-128;-87;-128;87,,,6.004,21.585,0,0,[IRQ] Class: 3
155,yes_bdd22e4d_nohash_3,yes,yes,1,yes,1,-128;-128;127;-128,,,6.357,22.849,0,0,[IRQ] Class: 2
